{"flutter":{"platforms":{"android":{"default":{"projectId":"o6hxc54nwwi030f8y17tsfe3qxhlt5","appId":"1:687008024925:android:4ce6fba291e5b5f0a380b4","fileOutput":"android/app/google-services.json"}},"dart":{"lib/firebase_options.dart":{"projectId":"o6hxc54nwwi030f8y17tsfe3qxhlt5","configurations":{"android":"1:687008024925:android:4ce6fba291e5b5f0a380b4","ios":"1:687008024925:ios:82298f7c8b782c8ea380b4","web":"1:687008024925:web:24e3ea99219826eca380b4"}}}}},"firestore":{"rules":"firebase/firestore.rules","indexes":"firestore.indexes.json"},"hosting":{"public":"build/web","ignore":["firebase.json","**/.*","**/node_modules/**"],"cleanUrls":true,"trailingSlash":false,"rewrites":[{"source":"**","destination":"/index.html"}],"redirects":[{"source":"/favicon.ico","destination":"/favicon.png","type":301}],"headers":[{"source":"/index.html","headers":[{"key":"Cache-Control","value":"no-cache"}]},{"source":"/manifest.json","headers":[{"key":"Cache-Control","value":"no-cache"}]},{"source":"/flutter_bootstrap.js","headers":[{"key":"Cache-Control","value":"no-cache"}]},{"source":"/flutter_service_worker.js","headers":[{"key":"Cache-Control","value":"no-cache"}]},{"source":"/share_target_sw.js","headers":[{"key":"Cache-Control","value":"no-cache"}]},{"source":"/assets/**","headers":[{"key":"Cache-Control","value":"public, max-age=31536000, immutable"}]},{"source":"**/*.@(png|jpg|jpeg|gif|webp|svg|ico)","headers":[{"key":"Cache-Control","value":"public, max-age=31536000, immutable"}]},{"source":"**/*.js","headers":[{"key":"Cache-Control","value":"public, max-age=3600"}]},{"source":"**","headers":[{"key":"X-Content-Type-Options","value":"nosniff"},{"key":"X-Frame-Options","value":"DENY"},{"key":"Referrer-Policy","value":"strict-origin-when-cross-origin"},{"key":"Strict-Transport-Security","value":"max-age=31536000; includeSubDomains"},{"key":"Permissions-Policy","value":"geolocation=(), microphone=(), camera=()"}]}]}}